x,y,r
92,259,2
52,250,2
180,377,2
185,314,2
64,100,2
59,380,2
69,295,2
64,292,2
112,99,2
102,251,2
157,405,2
123,248,2
121,259,2
112,259,2
62,225,2
54,272,2
195,390,2
51,278,2
166,305,2
70,255,2
68,268,2
190,31,2
288,347,2
200,290,2
102,495,2
141,212,2
180,362,2
52,250,2
72,236,2
78,249,2
112,244,2
79,259,2
210,262,2
195,40,2
293,344,2
45,292,2
205,41,2
92,31,2
92,500,2
62,249,2
51,254,2
701,200,2
873,356,2
868,231,2
843,359,2
876,86,2
763,154,2
735,30,2
863,387,2
838,41,2
784,168,2
871,240,2
900,467,2
882,212,2
882,261,2
878,205,2
888,250,2
887,86,2
886,17,2
838,240,2
843,236,2
686,313,2
904,478,2
838,217,2
868,202,2
848,210,2
889,257,2
647,341,2
691,87,2
792,390,2
888,250,2
666,71,2
862,225,2
689,66,2
748,187,2
809,306,2
866,393,2
874,267,2
888,250,2
846,194,2
889,252,2
755,464,2
851,241,2
895,12,2
632,274,2
890,25,2
197,259,2
50,248,2
72,117,2
64,296,2
72,251,2
66,256,2
77,247,2
53,205,2
72,267,2
67,290,2
58,269,2
87,292,2
211,58,2
161,485,2
229,259,2
52,250,2
87,292,2
62,256,2
58,265,2
229,264,2
303,249,2
121,256,2
84,418,2
239,250,2
303,246,2
172,135,2
254,87,2
220,158,2
36,28,2
136,241,2
54,290,2
64,23,2
220,56,2
126,167,2
92,27,2
303,180,2
274,391,2
72,153,2
50,280,2
72,282,2
107,265,2
128,364,2
670,375,2
890,250,2
882,275,2
792,249,2
878,233,2
755,136,2
817,374,2
784,97,2
720,251,2
873,241,2
833,228,2
895,238,2
873,310,2
640,220,2
887,251,2
856,210,2
882,252,2
871,275,2
768,131,2
827,279,2
888,250,2
871,176,2
750,259,2
655,367,2
763,115,2
905,467,2
881,251,2
778,94,2
851,174,2
887,233,2
889,240,2
838,385,2
881,84,2
833,382,2
866,233,2
878,241,2
686,292,2
886,179,2
699,326,2
853,254,2
851,217,2
842,86,2
888,250,2
878,208,2
867,242,2
866,195,2
657,128,2
652,37,2
59,102,2
52,250,2
259,243,2
97,269,2
161,262,2
53,377,2
58,277,2
67,203,2
62,287,2
41,252,2
53,270,2
84,267,2
62,121,2
50,265,2
192,121,2
51,260,2
54,396,2
211,56,2
231,259,2
82,259,2
162,300,2
151,396,2
200,133,2
116,250,2
156,207,2
231,148,2
36,496,2
408,249,2
288,354,2
67,275,2
152,252,2
264,241,2
220,447,2
229,287,2
136,249,2
264,81,2
82,197,2
50,258,2
87,17,2
220,251,2
97,12,2
162,280,2
98,256,2
53,277,2
157,259,2
72,99,2
126,311,2
792,222,2
657,356,2
888,250,2
696,436,2
882,205,2
779,426,2
684,233,2
699,73,2
887,79,2
888,249,2
873,362,2
784,288,2
711,418,2
735,241,2
848,195,2
856,233,2
895,277,2
894,401,2
881,213,2
778,316,2
666,122,2
740,452,2
679,141,2
738,51,2
876,248,2
873,257,2
878,213,2
856,339,2
873,248,2
833,225,2
871,264,2
863,248,2
876,212,2
887,212,2
647,91,2
886,233,2
881,231,2
814,370,2
769,362,2
873,220,2
807,410,2
743,212,2
714,246,2
725,351,2
882,241,2
681,99,2
701,68,2
900,235,2
873,230,2
890,264,2
809,269,2
846,210,2
779,410,2
779,262,2
684,406,2
876,244,2
809,367,2
853,156,2
817,117,2
888,250,2
755,117,2
647,375,2
843,483,2
843,475,2
750,469,2
888,250,2
760,131,2
627,136,2
699,81,2
876,246,2
904,257,2
642,349,2
689,74,2
715,51,2
627,262,2
797,377,2
876,238,2
657,357,2
837,282,2
851,390,2
755,20,2
681,413,2
711,323,2
622,302,2
313,179,2
254,346,2
77,234,2
229,264,2
69,355,2
128,419,2
92,225,2
323,252,2
234,331,2
72,61,2
54,439,2
185,355,2
211,115,2
52,250,2
67,288,2
205,113,2
92,241,2
323,252,2
274,117,2
166,187,2
239,352,2
308,195,2
74,254,2
146,269,2
45,238,2
293,405,2
146,112,2
328,251,2
58,250,2
128,143,2
220,328,2
234,130,2
190,373,2
298,396,2
180,169,2
234,154,2
98,239,2
215,166,2
67,215,2
303,306,2
254,241,2
50,269,2
67,243,2
54,313,2
72,274,2
303,190,2
58,442,2
171,277,2
41,22,2
231,264,2
166,210,2
40,18,2
46,418,2
215,48,2
234,332,2
45,254,2
67,250,2
177,31,2
318,259,2
72,270,2
72,67,2
55,265,2
58,295,2
220,437,2
293,331,2
166,94,2
41,53,2
53,259,2
241,77,2
295,243,2
107,117,2
54,267,2
51,239,2
146,277,2
241,172,2
229,249,2
112,10,2
136,409,2
118,18,2
265,239,2
804,241,2
647,293,2
881,250,2
888,250,2
755,195,2
724,158,2
788,295,2
873,205,2
652,346,2
657,112,2
863,235,2
880,263,2
881,488,2
873,270,2
694,339,2
755,383,2
861,202,2
768,117,2
733,346,2
625,298,2
725,149,2
627,308,2
905,477,2
843,113,2
894,235,2
873,246,2
691,79,2
645,186,2
887,228,2
779,360,2
753,359,2
681,84,2
871,192,2
652,375,2
788,380,2
694,326,2
873,197,2
725,446,2
54,488,2
234,287,2
98,277,2
51,274,2
97,486,2
108,398,2
234,423,2
113,87,2
220,351,2
280,141,2
50,283,2
107,295,2
64,234,2
58,228,2
58,18,2
161,375,2
107,176,2
92,262,2
126,89,2
288,334,2
62,233,2
72,171,2
52,250,2
180,416,2
40,23,2
62,25,2
274,138,2
229,176,2
298,254,2
280,328,2
58,234,2
244,259,2
50,486,2
52,250,2
293,228,2
141,189,2
64,251,2
195,390,2
108,174,2
146,161,2
205,270,2
166,262,2
53,17,2
760,385,2
878,222,2
858,475,2
882,217,2
828,215,2
876,168,2
797,310,2
851,241,2
822,17,2
861,477,2
878,356,2
848,405,2
878,272,2
622,244,2
881,12,2
735,382,2
689,104,2
753,109,2
881,478,2
886,472,2
888,250,2
842,400,2
886,230,2
694,401,2
886,233,2
714,74,2
889,275,2
881,222,2
887,261,2
871,277,2
882,252,2
797,480,2
868,395,2
750,113,2
876,279,2
868,267,2
882,482,2
642,171,2
657,179,2
740,53,2
632,383,2
858,320,2
827,231,2
841,250,2
760,362,2
886,346,2
843,92,2
882,257,2
858,249,2
882,256,2
706,252,2
888,250,2
878,387,2
882,241,2
666,148,2
858,254,2
725,437,2
789,344,2
887,262,2
788,374,2
888,250,2
886,248,2
647,272,2
888,249,2
660,153,2
863,475,2
871,475,2
886,241,2
888,250,2
887,259,2
868,197,2
868,254,2
878,272,2
720,434,2
888,250,2
833,342,2
851,259,2
887,244,2
647,204,2
890,254,2
779,161,2
701,97,2
711,419,2
269,377,2
209,50,2
52,250,2
79,189,2
220,59,2
52,250,2
143,249,2
236,81,2
197,200,2
52,250,2
151,360,2
128,125,2
58,243,2
298,259,2
288,230,2
270,380,2
59,23,2
290,260,2
210,185,2
103,28,2
62,228,2
239,288,2
269,372,2
74,249,2
72,252,2
108,81,2
195,100,2
46,262,2
67,252,2
59,25,2
72,252,2
97,45,2
285,192,2
58,254,2
303,295,2
274,156,2
54,231,2
52,250,2
152,85,2
285,171,2
50,231,2
848,22,2
882,244,2
873,246,2
889,254,2
873,387,2
706,313,2
858,328,2
733,112,2
774,112,2
724,223,2
794,131,2
661,369,2
894,238,2
888,250,2
730,230,2
843,416,2
763,186,2
740,133,2
783,292,2
779,218,2
784,275,2
706,84,2
824,488,2
858,487,2
735,305,2
887,259,2
647,323,2
642,275,2
666,357,2
661,375,2
876,246,2
650,87,2
779,205,2
637,267,2
853,95,2
888,250,2
784,354,2
824,415,2
889,249,2
715,290,2
794,190,2
881,261,2
881,43,2
887,475,2
67,278,2
195,352,2
62,262,2
264,383,2
172,455,2
172,308,2
216,300,2
82,269,2
56,239,2
210,441,2
47,230,2
166,364,2
270,138,2
62,243,2
52,250,2
50,254,2
59,231,2
67,108,2
128,347,2
185,365,2
270,364,2
89,270,2
121,378,2
215,249,2
177,126,2
131,401,2
190,48,2
58,236,2
52,250,2
290,180,2
298,305,2
54,236,2
67,259,2
51,259,2
265,375,2
157,318,2
303,123,2
133,269,2
175,121,2
50,262,2
51,248,2
53,251,2
59,248,2
51,277,2
220,148,2
131,69,2
136,89,2
121,259,2
133,203,2
62,391,2
62,135,2
205,378,2
69,377,2
53,278,2
77,360,2
77,22,2
62,243,2
52,250,2
269,99,2
59,274,2
102,253,2
52,250,2
67,324,2
195,329,2
62,486,2
102,244,2
87,179,2
32,18,2
46,292,2
185,159,2
231,347,2
62,239,2
187,121,2
53,277,2
51,246,2
62,234,2
67,176,2
92,136,2
52,250,2
54,231,2
58,254,2
97,265,2
67,254,2
113,264,2
195,112,2
50,25,2
58,269,2
888,250,2
871,79,2
890,230,2
881,204,2
730,217,2
750,356,2
887,225,2
890,10,2
878,222,2
709,69,2
886,112,2
890,14,2
856,18,2
824,222,2
843,133,2
890,77,2
890,95,2
645,254,2
890,478,2
893,480,2
720,419,2
819,248,2
893,482,2
878,225,2
888,250,2
894,477,2
878,267,2
895,12,2
833,168,2
666,77,2
838,231,2
868,472,2
652,310,2
833,118,2
894,230,2
666,351,2
888,250,2
881,262,2
887,235,2
650,315,2
750,37,2
882,218,2
652,377,2
878,272,2
888,250,2
715,261,2
725,344,2
760,315,2
873,105,2
848,249,2
843,222,2
887,238,2
735,174,2
740,135,2
779,117,2
890,259,2
671,128,2
819,192,2
765,318,2
681,388,2
743,266,2
843,238,2
882,274,2
630,236,2
819,140,2
702,77,2
837,487,2
890,252,2
881,228,2
738,249,2
890,240,2
714,334,2
719,342,2
686,73,2
890,251,2
890,252,2
686,397,2
878,14,2
724,56,2
720,449,2
681,424,2
814,462,2
828,71,2
888,249,2
838,250,2
881,235,2
719,189,2
875,239,2
689,81,2
162,15,2
207,43,2
54,249,2
92,252,2
58,254,2
50,259,2
53,269,2
167,20,2
69,12,2
92,280,2
54,270,2
67,4,2
67,296,2
97,413,2
62,265,2
103,10,2
166,310,2
121,308,2
82,216,2
65,309,2
58,254,2
54,239,2
65,247,2
65,353,2
246,401,2
47,258,2
112,310,2
53,244,2
177,246,2
58,0,2
225,437,2
268,367,2
197,250,2
52,250,2
53,262,2
72,305,2
254,418,2
215,437,2
303,159,2
87,342,2
113,144,2
87,9,2
225,244,2
182,177,2
172,25,2
259,411,2
53,246,2
53,259,2
54,250,2
102,269,2
175,118,2
87,424,2
62,218,2
62,69,2
67,295,2
61,261,2
72,259,2
40,490,2
69,241,2
290,138,2
87,485,2
77,251,2
50,20,2
64,275,2
288,305,2
298,323,2
197,43,2
172,256,2
274,385,2
246,225,2
94,413,2
45,20,2
74,296,2
121,292,2
89,280,2
59,269,2
61,258,2
171,267,2
32,143,2
131,292,2
45,416,2
94,480,2
167,264,2
67,256,2
54,140,2
51,28,2
288,156,2
177,256,2
279,395,2
107,95,2
98,259,2
74,282,2
293,282,2
72,210,2
225,202,2
89,216,2
503,260,2
679,210,2
855,222,2
765,89,2
871,197,2
802,388,2
676,100,2
657,284,2
871,208,2
753,460,2
858,194,2
887,250,2
873,230,2
720,225,2
868,212,2
887,235,2
650,397,2
888,250,2
647,222,2
750,23,2
881,225,2
878,269,2
873,259,2
878,261,2
760,32,2
807,135,2
871,380,2
878,222,2
895,251,2
904,490,2
652,118,2
843,92,2
868,269,2
617,259,2
661,115,2
861,360,2
645,240,2
895,362,2
666,362,2
750,452,2
661,352,2
765,77,2
833,77,2
888,250,2
888,250,2
890,254,2
890,230,2
882,226,2
797,310,2
858,235,2
709,429,2
873,359,2
848,73,2
765,120,2
730,182,2
889,182,2
890,477,2
720,444,2
886,244,2
719,383,2
871,235,2
873,228,2
858,135,2
642,256,2
720,56,2
863,176,2
715,58,2
866,488,2
848,184,2
876,264,2
900,264,2
882,76,2
807,428,2
887,238,2
882,226,2
745,441,2
886,401,2
748,112,2
878,231,2
220,230,2
62,275,2
148,480,2
98,244,2
67,270,2
53,351,2
185,100,2
62,226,2
112,202,2
62,272,2
89,310,2
58,259,2
308,246,2
141,272,2
51,236,2
229,66,2
67,138,2
46,313,2
45,195,2
89,210,2
146,251,2
102,403,2
58,231,2
216,334,2
50,226,2
166,130,2
59,244,2
102,197,2
87,185,2
303,151,2
59,218,2
265,103,2
195,459,2
141,221,2
56,268,2
92,491,2
53,243,2
171,419,2
77,187,2
84,395,2
264,103,2
195,277,2
157,424,2
89,74,2
239,87,2
102,382,2
59,239,2
254,409,2
58,234,2
236,411,2
876,222,2
611,303,2
873,218,2
817,356,2
888,250,2
868,249,2
706,73,2
773,38,2
882,223,2
868,154,2
848,415,2
863,179,2
881,298,2
832,266,2
863,331,2
888,250,2
856,222,2
714,238,2
873,490,2
878,472,2
740,248,2
794,208,2
778,478,2
760,84,2
715,169,2
812,342,2
878,213,2
888,250,2
888,250,2
657,174,2
878,222,2
694,311,2
881,269,2
681,131,2
660,149,2
853,274,2
735,318,2
799,382,2
842,246,2
843,113,2
878,272,2
873,274,2
84,265,2
269,126,2
67,311,2
51,482,2
118,252,2
47,250,2
51,245,2
54,243,2
62,274,2
69,225,2
167,254,2
62,248,2
195,262,2
72,252,2
98,323,2
116,267,2
97,275,2
256,110,2
62,143,2
64,249,2
270,372,2
72,319,2
65,317,2
288,375,2
58,280,2
200,51,2
102,260,2
236,92,2
190,457,2
300,231,2
279,158,2
62,288,2
234,275,2
239,69,2
270,388,2
108,269,2
162,33,2
298,310,2
54,283,2
131,280,2
187,463,2
54,267,2
67,216,2
837,374,2
753,320,2
887,248,2
875,247,2
873,491,2
863,94,2
878,395,2
769,140,2
878,254,2
882,262,2
861,365,2
881,231,2
856,213,2
838,379,2
735,329,2
868,236,2
657,166,2
642,346,2
740,125,2
878,257,2
886,233,2
886,251,2
873,238,2
647,208,2
661,163,2
740,194,2
745,189,2
873,236,2
784,261,2
729,362,2
848,244,2
647,321,2
881,339,2
856,478,2
833,375,2
843,477,2
730,143,2
763,313,2
873,233,2
69,252,2
200,154,2
207,162,2
58,260,2
74,249,2
182,180,2
200,184,2
67,27,2
180,365,2
269,143,2
215,441,2
67,241,2
197,226,2
295,212,2
54,269,2
107,77,2
62,243,2
72,490,2
67,262,2
133,334,2
190,197,2
231,176,2
103,274,2
72,319,2
156,355,2
50,244,2
175,360,2
279,149,2
53,228,2
241,405,2
288,197,2
116,187,2
280,332,2
171,184,2
50,244,2
58,241,2
67,133,2
64,262,2
236,372,2
275,143,2
305,375,2
828,190,2
868,256,2
843,240,2
889,241,2
846,246,2
706,318,2
748,86,2
887,222,2
715,442,2
842,81,2
868,236,2
863,287,2
679,249,2
851,267,2
745,130,2
755,375,2
888,250,2
675,280,2
706,200,2
848,241,2
842,436,2
735,383,2
711,58,2
843,249,2
861,248,2
853,246,2
696,313,2
802,246,2
863,10,2
824,270,2
657,172,2
627,218,2
863,248,2
706,442,2
890,480,2
794,305,2
715,225,2
807,252,2
878,482,2
837,186,2
889,230,2
876,246,2
861,200,2
848,10,2
783,15,2
882,257,2
858,248,2
59,486,2
102,264,2
77,259,2
64,18,2
121,250,2
52,250,2
67,215,2
64,488,2
308,252,2
205,53,2
41,13,2
121,248,2
77,239,2
74,238,2
64,13,2
202,97,2
50,457,2
285,154,2
197,339,2
220,272,2
126,189,2
70,240,2
285,164,2
52,250,2
87,226,2
215,159,2
52,250,2
308,135,2
225,148,2
116,251,2
182,117,2
264,87,2
64,260,2
215,166,2
128,238,2
77,241,2
107,355,2
72,486,2
52,250,2
323,130,2
156,180,2
850,329,2
878,482,2
598,262,2
887,18,2
828,161,2
696,411,2
875,245,2
876,488,2
881,264,2
696,303,2
868,487,2
711,256,2
837,320,2
730,56,2
824,179,2
740,326,2
738,243,2
712,76,2
657,320,2
670,122,2
751,360,2
871,266,2
709,73,2
877,235,2
885,247,2
879,442,2
756,30,2
756,254,2
676,127,2
693,285,2
897,236,2
645,280,2
715,249,2
700,407,2
907,256,2
892,12,2
858,184,2
766,316,2
887,240,2
842,151,2
756,344,2
247,105,2
64,272,2
69,22,2
61,230,2
60,244,2
243,231,2
275,141,2
116,223,2
179,28,2
185,323,2
66,171,2
197,249,2
220,442,2
154,141,2
66,128,2
215,362,2
74,246,2
146,364,2
226,452,2
251,400,2
71,252,2
43,10,2
52,250,2
56,259,2
48,262,2
205,51,2
288,313,2
290,236,2
246,103,2
49,249,2
251,401,2
302,257,2
67,272,2
66,164,2
53,493,2
85,126,2
205,287,2
92,123,2
323,290,2
162,138,2
56,258,2
200,277,2
35,260,2
59,103,2
62,15,2
74,221,2
146,293,2
175,25,2
143,102,2
50,244,2
59,267,2
175,246,2
62,498,2
231,162,2
107,236,2
156,264,2
339,260,2
77,293,2
102,256,2
195,388,2
67,22,2
229,234,2
293,346,2
618,264,2
300,321,2
94,244,2
58,288,2
261,401,2
92,411,2
52,250,2
274,364,2
54,496,2
148,138,2
283,367,2
167,31,2
72,408,2
112,285,2
308,262,2
72,225,2
67,94,2
52,250,2
67,123,2
107,221,2
67,285,2
58,231,2
58,259,2
200,326,2
809,104,2
878,244,2
729,252,2
858,215,2
882,256,2
856,252,2
873,250,2
729,40,2
878,270,2
886,213,2
741,280,2
833,251,2
675,282,2
886,252,2
832,395,2
856,272,2
720,168,2
809,338,2
701,318,2
868,228,2
882,15,2
652,141,2
866,248,2
858,97,2
729,444,2
706,439,2
846,233,2
686,305,2
888,250,2
882,277,2
832,282,2
52,250,2
187,46,2
64,243,2
192,176,2
82,293,2
45,130,2
53,22,2
172,41,2
220,449,2
62,228,2
220,351,2
47,255,2
52,250,2
45,498,2
182,336,2
123,408,2
166,27,2
62,17,2
303,143,2
51,249,2
146,233,2
53,23,2
77,262,2
52,250,2
270,123,2
62,238,2
239,77,2
246,319,2
107,230,2
215,301,2
205,36,2
50,28,2
107,162,2
888,250,2
635,187,2
753,377,2
890,14,2
871,222,2
632,280,2
725,151,2
878,15,2
881,222,2
637,270,2
715,442,2
833,225,2
868,243,2
863,243,2
765,28,2
858,226,2
888,250,2
427,244,2
740,231,2
887,14,2
880,242,2
760,118,2
598,186,2
889,485,2
894,475,2
645,333,2
889,20,2
868,217,2
720,446,2
861,12,2
696,194,2
768,35,2
647,338,2
637,235,2
838,225,2
890,257,2
67,241,2
62,243,2
241,336,2
121,118,2
215,259,2
229,59,2
251,94,2
175,189,2
72,300,2
269,408,2
234,69,2
52,250,2
87,103,2
269,118,2
146,248,2
87,13,2
59,267,2
200,215,2
234,67,2
52,250,2
211,216,2
54,15,2
72,285,2
310,323,2
318,278,2
52,250,2
300,318,2
50,223,2
62,269,2
295,344,2
62,292,2
216,146,2
97,246,2
69,259,2
146,256,2
64,250,2
51,20,2
74,87,2
234,69,2
226,238,2
92,67,2
205,391,2
62,239,2
58,250,2
,,2
236,323,2
725,248,2
858,10,2
699,235,2
635,187,2
789,397,2
888,250,2
679,92,2
888,250,2
635,280,2
819,487,2
882,213,2
753,84,2
788,192,2
853,141,2
758,467,2
873,113,2
774,176,2
784,87,2
868,223,2
887,7,2
871,282,2
889,223,2
701,61,2
873,267,2
797,269,2
878,267,2
868,487,2
900,15,2
833,254,2
730,40,2
887,478,2
665,102,2
873,267,2
871,220,2
890,217,2
642,195,2
888,250,2
146,203,2
67,180,2
79,260,2
54,238,2
202,418,2
116,267,2
69,275,2
98,316,2
69,254,2
98,486,2
59,265,2
72,313,2
167,475,2
197,455,2
72,231,2
126,292,2
138,319,2
50,382,2
195,478,2
229,256,2
59,406,2
116,198,2
229,97,2
79,251,2
215,290,2
246,414,2
185,329,2
116,265,2
51,25,2
50,485,2
59,231,2
50,23,2
288,295,2
156,262,2
52,250,2
62,486,2
58,488,2
293,169,2
69,89,2
238,258,2
59,236,2
180,103,2
873,279,2
838,302,2
878,259,2
888,250,2
792,259,2
358,153,2
886,233,2
873,233,2
868,248,2
788,251,2
809,79,2
868,244,2
657,159,2
824,179,2
873,113,2
887,228,2
846,15,2
888,250,2
720,424,2
876,225,2
645,241,2
882,251,2
715,143,2
696,269,2
724,228,2
882,475,2
888,250,2
887,226,2
676,123,2
888,250,2
888,250,2
848,382,2
876,228,2
887,472,2
774,472,2
819,259,2
642,293,2
842,246,2
894,439,2
882,261,2
735,136,2
890,478,2
878,236,2
888,250,2
740,104,2
846,218,2
858,267,2
900,473,2
888,250,2
876,419,2
121,495,2
51,223,2
62,118,2
261,79,2
107,87,2
172,411,2
225,324,2
41,243,2
69,81,2
318,380,2
64,275,2
54,254,2
94,92,2
58,313,2
94,373,2
77,485,2
215,158,2
97,12,2
74,252,2
293,323,2
69,377,2
68,266,2
53,22,2
67,210,2
67,102,2
141,256,2
298,316,2
116,17,2
64,248,2
89,262,2
58,268,2
300,316,2
54,22,2
126,15,2
112,251,2
259,100,2
113,133,2
62,496,2
171,250,2
89,251,2
53,239,2
229,331,2
269,406,2
62,249,2
743,118,2
880,273,2
873,213,2
868,37,2
888,250,2
833,195,2
719,344,2
858,259,2
824,197,2
838,236,2
882,379,2
895,7,2
900,41,2
730,455,2
895,487,2
887,487,2
650,329,2
876,342,2
848,359,2
647,146,2
878,226,2
888,250,2
711,284,2
895,485,2
706,204,2
843,477,2
894,2,2
760,43,2
696,71,2
652,128,2
881,215,2
671,272,2
645,359,2
848,14,2
878,213,2
890,225,2
730,459,2
856,200,2
853,233,2
873,269,2
725,449,2
886,259,2
842,231,2
691,406,2
131,260,2
59,287,2
156,256,2
58,230,2
107,248,2
108,275,2
293,329,2
47,249,2
94,260,2
256,414,2
112,488,2
52,250,2
288,332,2
300,252,2
285,347,2
107,488,2
220,278,2
67,216,2
55,253,2
261,432,2
52,250,2
92,197,2
58,231,2
92,280,2
50,244,2
40,256,2
69,0,2
53,272,2
175,121,2
54,267,2
62,296,2
118,254,2
295,331,2
202,249,2
210,46,2
84,207,2
121,490,2
52,250,2
121,259,2
285,367,2
62,483,2
215,46,2
92,373,2
107,9,2
74,285,2
842,275,2
888,250,2
768,354,2
885,256,2
888,250,2
814,236,2
888,250,2
888,250,2
910,9,2
704,331,2
622,94,2
843,223,2
900,242,2
843,212,2
863,122,2
879,247,2
637,182,2
719,163,2
876,270,2
858,385,2
873,228,2
730,351,2
882,231,2
900,472,2
871,264,2
730,35,2
899,256,2
753,231,2
652,161,2
888,250,2
699,74,2
900,490,2
873,215,2
905,483,2
878,230,2
753,228,2
838,215,2
887,12,2
866,230,2
878,274,2
888,250,2
887,12,2
837,370,2
838,405,2
882,272,2
632,262,2
868,272,2
878,225,2
711,369,2
642,257,2
779,187,2
881,230,2
817,184,2
819,452,2
768,324,2
724,369,2
745,50,2
878,228,2
866,251,2
866,270,2
743,112,2
750,315,2
882,240,2
871,342,2
745,127,2
679,331,2
878,487,2
773,226,2
735,46,2
730,141,2
784,406,2
833,250,2
828,323,2
660,360,2
661,359,2
743,43,2
802,182,2
753,217,2
725,274,2
878,133,2
637,380,2
98,174,2
210,248,2
298,156,2
58,241,2
62,208,2
58,277,2
180,148,2
249,82,2
52,250,2
58,488,2
195,337,2
82,118,2
64,251,2
239,414,2
118,250,2
280,329,2
107,383,2
202,250,2
77,249,2
53,236,2
62,482,2
46,272,2
171,25,2
62,282,2
77,256,2
215,105,2
246,400,2
264,110,2
72,256,2
59,10,2
249,354,2
92,248,2
211,295,2
67,43,2
313,149,2
53,275,2
207,344,2
53,275,2
58,252,2
210,342,2
221,259,2
62,82,2
69,131,2
45,131,2
128,259,2
67,290,2
207,38,2
175,475,2
87,252,2
50,495,2
62,234,2
62,490,2
52,250,2
41,496,2
295,372,2
67,277,2
102,270,2
241,69,2
67,140,2
207,223,2
58,270,2
195,259,2
225,51,2
67,233,2
58,10,2
77,369,2
303,113,2
244,92,2
74,176,2
50,411,2
52,250,2
84,403,2
67,264,2
97,270,2
256,414,2
308,346,2
166,259,2
62,249,2
58,230,2
215,49,2
265,287,2
131,94,2
69,267,2
72,259,2
152,102,2
67,252,2
714,360,2
838,248,2
881,233,2
878,202,2
877,234,2
848,262,2
701,421,2
769,238,2
842,218,2
848,431,2
856,17,2
720,55,2
856,257,2
871,292,2
774,246,2
863,82,2
701,235,2
686,323,2
647,342,2
851,158,2
686,310,2
828,231,2
676,43,2
890,488,2
873,233,2
888,250,2
871,20,2
660,94,2
863,225,2
720,220,2
882,269,2
637,195,2
670,393,2
863,55,2
763,393,2
848,248,2
876,55,2
748,32,2
873,241,2
837,217,2
900,81,2
848,248,2
,,2
910,79,2
743,360,2
769,365,2
882,222,2
882,259,2
568,251,2
868,212,2
769,194,2
837,174,2
676,135,2
890,393,2
689,429,2
779,365,2
617,372,2
890,267,2
853,264,2
684,123,2
895,311,2
882,240,2
890,495,2
730,192,2
900,487,2
738,470,2
894,261,2
706,77,2
908,382,2
645,226,2
888,250,2
882,249,2
774,356,2
778,172,2
888,250,2
711,349,2
888,250,2
888,250,2
888,250,2
116,250,2
97,251,2
50,483,2
72,246,2
30,427,2
200,256,2
246,421,2
84,300,2
220,445,2
167,31,2
202,241,2
298,311,2
293,359,2
305,295,2
51,483,2
161,396,2
244,71,2
69,226,2
141,250,2
298,311,2
52,250,2
264,102,2
244,416,2
116,259,2
58,89,2
41,148,2
51,267,2
77,248,2
246,82,2
195,277,2
53,432,2
54,221,2
118,248,2
53,259,2
167,270,2
249,248,2
180,138,2
293,202,2
131,239,2
261,413,2
175,367,2
45,2,2
58,246,2
210,53,2
46,239,2
45,4,2
171,405,2
92,254,2
264,102,2
102,419,2
54,393,2
54,290,2
62,431,2
72,90,2
229,259,2
269,259,2
280,141,2
190,23,2
53,121,2
98,123,2
295,314,2
92,243,2
108,210,2
84,270,2
53,226,2
69,296,2
62,262,2
69,280,2
77,285,2
102,115,2
66,211,2
83,240,2
63,270,2
251,419,2
288,166,2
141,265,2
162,249,2
192,472,2
52,250,2
62,244,2
229,341,2
195,265,2
52,250,2
64,285,2
256,414,2
156,194,2
216,375,2
62,141,2
89,416,2
226,54,2
167,408,2
123,256,2
858,145,2
851,217,2
853,365,2
858,408,2
848,460,2
814,411,2
895,18,2
714,55,2
848,205,2
866,208,2
876,228,2
882,220,2
888,250,2
735,43,2
848,357,2
875,232,2
730,451,2
858,303,2
905,9,2
882,213,2
684,413,2
887,249,2
652,131,2
889,215,2
671,105,2
779,250,2
873,230,2
890,225,2
878,266,2
660,359,2
645,308,2
888,250,2
779,266,2
886,262,2
833,410,2
887,7,2
888,250,2
876,377,2
881,284,2
671,115,2
828,311,2
799,333,2
871,244,2
783,290,2
730,318,2
824,272,2
814,73,2
738,202,2
724,300,2
863,259,2
704,315,2
842,172,2
856,12,2
876,266,2
856,483,2
725,359,2
882,236,2
888,250,2
788,127,2
758,406,2
774,184,2
640,207,2
824,326,2
871,256,2
774,17,2
645,186,2
873,228,2
676,118,2
838,7,2
671,383,2
827,241,2
828,313,2
788,341,2
602,297,2
740,127,2
853,109,2
661,362,2
642,252,2
878,220,2
824,483,2
645,190,2
696,222,2
871,246,2
828,235,2
809,360,2
720,217,2
725,341,2
824,277,2
686,177,2
131,236,2
180,269,2
215,56,2
64,250,2
62,269,2
138,280,2
162,35,2
275,130,2
112,231,2
274,369,2
229,423,2
52,250,2
52,250,2
215,121,2
185,468,2
67,246,2
239,278,2
92,401,2
303,212,2
293,194,2
264,383,2
92,323,2
121,493,2
52,250,2
67,248,2
167,390,2
52,250,2
72,236,2
52,250,2
171,480,2
298,189,2
215,274,2
89,18,2
64,238,2
82,141,2
300,311,2
67,254,2
64,270,2
82,18,2
58,260,2
97,212,2
78,260,2
54,260,2
128,241,2
300,231,2
87,144,2
45,403,2
52,250,2
72,306,2
62,169,2
103,275,2
58,321,2
116,314,2
167,480,2
67,99,2
67,174,2
67,248,2
52,250,2
190,254,2
275,107,2
225,259,2
51,260,2
280,123,2
52,250,2
69,259,2
72,477,2
141,277,2
62,274,2
72,243,2
69,225,2
72,220,2
59,231,2
275,373,2
52,250,2
121,251,2
161,264,2
98,262,2
51,265,2
143,176,2
221,449,2
288,130,2
226,179,2
735,215,2
878,248,2
878,261,2
871,295,2
866,118,2
833,248,2
725,437,2
888,250,2
876,333,2
827,15,2
773,297,2
804,246,2
838,250,2
876,284,2
735,455,2
779,113,2
647,190,2
637,246,2
774,20,2
888,250,2
863,316,2
873,195,2
655,200,2
876,266,2
753,398,2
824,199,2
889,230,2
873,275,2
882,233,2
876,256,2
837,207,2
871,282,2
887,230,2
838,490,2
745,382,2
827,400,2
846,267,2
725,282,2
804,226,2
878,222,2
876,262,2
873,226,2
630,197,2
689,159,2
882,284,2
878,261,2
779,400,2
802,321,2
650,177,2
824,159,2
853,246,2
858,204,2
895,222,2
691,187,2
807,128,2
828,282,2
655,306,2
784,346,2
871,418,2
729,118,2
740,323,2
745,251,2
745,212,2
888,250,2
704,87,2
691,110,2
691,104,2
890,226,2
774,324,2
846,321,2
882,241,2
788,316,2
652,122,2
882,231,2
886,228,2
878,264,2
647,252,2
797,17,2
890,225,2
882,230,2
784,344,2
647,164,2
652,138,2
760,279,2
878,235,2
868,262,2
611,182,2
121,346,2
171,162,2
279,133,2
58,221,2
53,282,2
62,87,2
162,208,2
54,225,2
53,482,2
161,342,2
200,198,2
226,342,2
156,288,2
53,17,2
288,306,2
50,233,2
58,405,2
171,277,2
172,267,2
279,337,2
53,259,2
87,274,2
251,54,2
53,269,2
116,94,2
180,38,2
53,264,2
54,259,2
215,427,2
67,200,2
192,182,2
225,79,2
107,179,2
72,149,2
108,260,2
67,265,2
121,215,2
128,77,2
52,250,2
77,20,2
210,292,2
876,323,2
709,123,2
846,254,2
848,235,2
886,254,2
647,266,2
861,223,2
812,171,2
882,236,2
858,236,2
817,403,2
670,117,2
647,333,2
887,22,2
819,472,2
878,282,2
873,478,2
888,250,2
890,487,2
873,256,2
817,102,2
868,326,2
868,401,2
873,238,2
729,154,2
888,250,2
740,303,2
851,15,2
794,179,2
652,141,2
851,274,2
645,318,2
709,91,2
647,241,2
887,43,2
871,27,2
871,202,2
887,462,2
889,292,2
886,316,2
882,334,2
882,228,2
809,290,2
890,267,2
848,256,2
72,346,2
54,269,2
274,346,2
254,238,2
87,23,2
121,478,2
210,92,2
254,46,2
195,216,2
274,352,2
54,274,2
58,208,2
103,187,2
300,262,2
53,252,2
46,13,2
205,449,2
58,256,2
225,66,2
225,59,2
187,424,2
166,256,2
251,316,2
112,25,2
59,231,2
50,231,2
298,259,2
167,396,2
64,259,2
249,92,2
52,250,2
226,63,2
102,334,2
62,269,2
82,249,2
54,288,2
264,375,2
50,285,2
53,246,2
195,251,2
58,426,2
295,296,2
103,166,2
74,259,2
220,66,2
279,351,2
59,239,2
298,311,2
136,473,2
333,197,2
733,357,2
725,379,2
881,69,2
635,125,2
873,244,2
804,259,2
863,244,2
681,295,2
724,112,2
779,215,2
882,392,2
866,138,2
714,439,2
706,168,2
679,76,2
681,393,2
871,482,2
819,297,2
720,51,2
868,266,2
882,254,2
788,151,2
809,179,2
652,370,2
797,318,2
304,254,2
709,434,2
760,204,2
873,262,2
881,259,2
696,146,2
888,250,2
612,205,2
650,176,2
730,55,2
740,264,2
832,186,2
711,444,2
679,328,2
799,194,2
670,380,2
882,250,2
868,262,2
773,264,2
778,77,2
724,61,2
838,360,2
868,246,2
725,316,2
881,250,2
724,344,2
895,22,2
881,251,2
871,244,2
485,48,2
67,264,2
300,220,2
77,246,2
171,184,2
69,236,2
215,54,2
121,197,2
298,230,2
226,431,2
308,190,2
82,477,2
200,364,2
166,316,2
62,241,2
300,203,2
318,250,2
148,243,2
72,233,2
116,383,2
220,269,2
171,349,2
51,256,2
313,213,2
69,260,2
246,431,2
74,250,2
58,231,2
280,341,2
303,346,2
52,250,2
152,324,2
67,262,2
54,264,2
298,314,2
313,95,2
64,251,2
290,364,2
269,383,2
64,89,2
62,238,2
202,51,2
190,64,2
211,254,2
72,252,2
98,192,2
293,118,2
112,250,2
67,269,2
637,179,2
846,110,2
889,7,2
827,487,2
888,250,2
779,15,2
848,210,2
745,390,2
704,73,2
709,56,2
711,207,2
899,490,2
878,195,2
858,266,2
794,264,2
890,22,2
876,240,2
888,250,2
671,379,2
899,66,2
882,264,2
760,257,2
873,226,2
622,235,2
910,488,2
725,89,2
863,99,2
887,266,2
676,107,2
768,465,2
878,246,2
837,264,2
871,270,2
894,238,2
848,240,2
730,163,2
778,130,2
804,473,2
837,241,2
143,249,2
171,176,2
89,179,2
64,370,2
244,367,2
315,395,2
225,444,2
185,475,2
309,196,2
221,482,2
53,254,2
59,260,2
67,185,2
64,254,2
69,248,2
89,58,2
118,248,2
65,266,2
62,280,2
167,194,2
249,416,2
246,306,2
231,45,2
52,250,2
77,252,2
62,9,2
200,36,2
175,27,2
295,218,2
207,41,2
40,102,2
53,243,2
190,393,2
50,10,2
62,265,2
67,43,2
883,493,2
690,265,2
706,188,2
716,390,2
847,299,2
780,260,2
834,330,2
817,289,2
878,397,2
878,261,2
888,245,2
888,492,2
657,374,2
721,159,2
706,304,2
697,193,2
797,443,2
716,183,2
813,310,2
793,19,2
866,477,2
819,247,2
871,250,2
888,250,2
736,449,2
829,257,2
888,247,2
871,270,2
716,354,2
744,257,2
878,260,2
744,478,2
837,273,2
643,236,2
799,274,2
847,154,2
790,358,2
721,237,2
69,299,2
229,170,2
201,115,2
248,165,2
206,449,2
92,387,2
62,258,2
160,64,2
96,147,2
93,227,2
152,20,2
145,230,2
155,313,2
54,242,2
106,250,2
263,90,2
206,362,2
219,366,2
77,206,2
141,103,2
185,467,2
263,282,2
54,258,2
317,335,2
52,250,2
302,232,2
189,123,2
234,75,2
62,250,2
101,116,2
67,245,2
54,247,2
57,268,2
196,279,2
253,398,2
278,118,2
51,245,2
760,400,2
871,230,2
794,318,2
886,236,2
878,285,2
789,282,2
706,292,2
783,207,2
784,382,2
794,169,2
661,133,2
684,63,2
888,250,2
881,235,2
788,220,2
733,324,2
882,246,2
714,138,2
882,84,2
876,370,2
711,311,2
655,393,2
725,324,2
885,249,2
730,320,2
799,280,2
650,341,2
645,218,2
861,275,2
871,449,2
779,444,2
735,236,2
666,344,2
671,138,2
895,259,2
773,164,2
858,280,2
804,177,2
868,159,2
819,17,2
730,66,2
878,238,2
740,56,2
873,217,2
827,140,2
858,310,2
133,274,2
215,250,2
77,161,2
239,400,2
131,226,2
62,13,2
185,256,2
295,241,2
166,319,2
225,207,2
82,243,2
283,339,2
107,288,2
225,447,2
116,259,2
180,141,2
229,251,2
59,250,2
133,203,2
220,329,2
54,244,2
50,251,2
58,252,2
269,390,2
157,254,2
293,283,2
58,254,2
215,115,2
254,391,2
85,363,2
45,233,2
151,383,2
67,249,2
131,254,2
185,71,2
62,267,2
46,254,2
87,288,2
171,401,2
82,128,2
107,288,2
148,341,2
89,154,2
53,259,2
215,444,2
74,97,2
116,321,2
148,411,2
274,112,2
77,296,2
53,252,2
52,250,2
152,432,2
82,177,2
45,249,2
283,418,2
72,298,2
180,387,2
121,274,2
50,255,2
157,378,2
288,148,2
103,256,2
62,225,2
69,280,2
234,431,2
40,18,2
58,272,2
303,339,2
52,250,2
225,434,2
121,246,2
47,244,2
35,235,2
256,118,2
298,259,2
52,250,2
72,278,2
67,238,2
59,283,2
229,221,2
92,267,2
239,252,2
876,385,2
838,105,2
832,249,2
828,482,2
882,259,2
848,238,2
784,230,2
880,272,2
724,342,2
642,189,2
745,231,2
853,295,2
701,431,2
873,231,2
750,454,2
878,202,2
837,223,2
740,246,2
676,102,2
735,213,2
637,240,2
894,483,2
887,69,2
822,275,2
814,235,2
838,267,2
858,444,2
642,249,2
824,321,2
868,194,2
887,226,2
804,374,2
888,250,2
745,462,2
730,238,2
665,117,2
833,215,2
838,423,2
888,250,2
729,439,2
882,213,2
868,205,2
890,215,2
827,233,2
881,264,2
871,141,2
824,485,2
676,318,2
632,272,2
878,249,2
868,256,2
676,109,2
876,250,2
632,288,2
848,269,2
686,77,2
888,250,2
878,257,2
833,230,2
868,254,2
706,333,2
676,217,2
888,250,2
794,292,2
778,306,2
701,374,2
856,99,2
882,240,2
876,262,2
650,334,2
882,272,2
868,383,2
878,244,2
894,478,2
887,485,2
740,143,2
848,217,2
905,485,2
652,338,2
888,250,2
895,434,2
833,89,2
882,272,2
699,421,2
822,478,2
686,217,2
758,478,2
645,207,2
709,285,2
807,269,2
58,409,2
265,246,2
53,418,2
52,250,2
53,475,2
58,316,2
241,421,2
171,74,2
74,254,2
269,84,2
54,405,2
256,431,2
195,347,2
69,233,2
264,95,2
300,182,2
187,100,2
59,231,2
67,486,2
172,97,2
285,117,2
274,391,2
274,99,2
67,477,2
190,89,2
107,92,2
270,112,2
249,421,2
55,244,2
62,210,2
116,265,2
116,278,2
107,283,2
190,313,2
53,477,2
177,388,2
35,485,2
249,82,2
55,255,2
298,334,2
87,254,2
234,197,2
53,277,2
62,107,2
259,383,2
45,493,2
103,97,2
190,53,2
254,383,2
59,272,2
36,419,2
161,194,2
283,198,2
118,184,2
190,48,2
58,278,2
45,20,2
51,277,2
172,377,2
67,251,2
58,251,2
62,246,2
665,84,2
210,67,2
53,269,2
52,250,2
231,369,2
156,264,2
197,49,2
53,485,2
69,176,2
210,280,2
92,20,2
82,265,2
62,171,2
295,305,2
210,58,2
62,243,2
743,362,2
861,231,2
657,339,2
881,233,2
696,390,2
689,397,2
856,482,2
750,38,2
871,277,2
878,267,2
886,15,2
819,249,2
886,465,2
689,393,2
863,298,2
848,43,2
888,250,2
725,339,2
824,226,2
868,248,2
660,135,2
676,395,2
887,10,2
878,66,2
843,200,2
889,439,2
804,212,2
660,342,2
878,277,2
878,230,2
822,401,2
863,333,2
753,357,2
827,217,2
657,313,2
873,225,2
888,250,2
888,250,2
894,222,2
866,220,2
54,72,2
53,272,2
94,303,2
52,250,2
161,90,2
45,485,2
126,298,2
47,255,2
51,266,2
131,285,2
89,306,2
64,265,2
59,239,2
216,71,2
94,246,2
87,301,2
200,30,2
52,250,2
195,135,2
303,182,2
185,38,2
102,260,2
62,244,2
632,259,2
58,259,2
52,250,2
62,269,2
141,87,2
51,254,2
72,233,2
274,110,2
216,192,2
79,100,2
79,280,2
190,141,2
264,406,2
285,140,2
171,23,2
303,207,2
288,349,2
503,380,2
711,329,2
868,288,2
838,241,2
788,236,2
861,241,2
873,218,2
858,482,2
794,413,2
804,310,2
686,97,2
876,213,2
871,254,2
842,251,2
868,210,2
851,256,2
853,275,2
691,69,2
838,238,2
868,220,2
671,421,2
838,244,2
625,213,2
640,233,2
878,490,2
882,207,2
885,245,2
889,262,2
887,256,2
887,262,2
858,230,2
858,266,2
730,444,2
755,118,2
890,242,2
887,240,2
837,241,2
863,403,2
878,135,2
868,202,2
637,251,2
873,122,2
873,233,2
817,112,2
881,123,2
873,238,2
887,235,2
200,370,2
77,300,2
52,250,2
177,324,2
58,269,2
58,388,2
102,295,2
303,187,2
244,85,2
113,143,2
123,250,2
298,202,2
58,493,2
77,243,2
283,184,2
84,5,2
180,159,2
157,112,2
59,267,2
77,215,2
126,250,2
259,398,2
52,250,2
116,251,2
79,305,2
249,250,2
58,241,2
97,243,2
54,156,2
89,388,2
200,454,2
171,395,2
53,488,2
58,278,2
138,243,2
67,269,2
89,151,2
166,319,2
650,321,2
711,215,2
873,241,2
882,223,2
794,217,2
886,14,2
888,250,2
784,360,2
853,246,2
878,256,2
868,236,2
828,279,2
890,480,2
696,328,2
774,190,2
893,240,2
740,241,2
878,284,2
890,228,2
878,295,2
868,256,2
645,141,2
868,256,2
882,218,2
730,195,2
853,222,2
694,87,2
882,244,2
738,359,2
833,488,2
832,277,2
848,241,2
715,452,2
630,140,2
738,28,2
882,213,2
715,449,2
876,225,2
657,127,2
783,123,2
655,136,2
750,452,2
650,161,2
868,217,2
868,246,2
670,379,2
686,262,2
856,236,2
814,99,2
696,79,2
871,483,2
882,498,2
699,231,2
814,302,2
848,405,2
660,344,2
846,138,2
890,240,2
885,256,2
244,249,2
58,490,2
107,223,2
53,260,2
67,236,2
52,250,2
53,277,2
251,403,2
67,251,2
207,344,2
190,171,2
67,135,2
67,250,2
254,388,2
62,416,2
210,66,2
97,180,2
77,254,2
62,269,2
210,225,2
89,249,2
248,395,2
126,244,2
141,233,2
64,223,2
197,274,2
259,115,2
288,336,2
74,482,2
207,250,2
62,246,2
220,194,2
249,250,2
51,485,2
285,336,2
50,18,2
59,270,2
171,40,2
64,486,2
40,434,2
58,248,2
185,43,2
62,239,2
107,250,2
74,249,2
215,441,2
126,377,2
67,251,2
185,41,2
824,63,2
792,236,2
755,298,2
881,215,2
725,53,2
696,308,2
888,250,2
878,228,2
873,270,2
889,235,2
890,235,2
888,250,2
873,241,2
878,238,2
888,250,2
635,238,2
878,261,2
814,379,2
899,77,2
871,240,2
878,266,2
878,256,2
873,235,2
863,261,2
886,14,2
828,104,2
886,277,2
873,246,2
882,15,2
882,225,2
886,235,2
704,197,2
878,259,2
637,251,2
888,250,2
642,290,2
878,249,2
882,228,2
888,250,2
876,261,2
642,222,2
843,277,2
769,311,2
684,109,2
765,302,2
873,316,2
868,270,2
842,254,2
740,204,2
871,246,2
889,179,2
701,79,2
738,328,2
882,71,2
863,181,2
720,197,2
853,220,2
882,478,2
799,480,2
765,256,2
885,382,2
691,89,2
843,288,2
895,423,2
740,212,2
657,149,2
863,250,2
873,246,2
888,250,2
763,174,2
779,233,2
886,250,2
753,303,2
868,248,2
681,264,2
809,208,2
804,241,2
863,23,2
882,267,2
765,35,2
827,205,2
868,311,2
853,154,2
681,395,2
855,228,2
876,240,2
871,241,2
799,231,2
837,259,2
152,71,2
131,77,2
254,277,2
288,298,2
195,287,2
53,409,2
112,254,2
190,41,2
62,272,2
79,264,2
35,272,2
303,250,2
87,248,2
92,238,2
72,269,2
59,280,2
53,248,2
52,250,2
249,102,2
264,378,2
69,166,2
53,231,2
72,231,2
50,269,2
226,357,2
220,64,2
290,277,2
171,198,2
102,265,2
46,249,2
53,260,2
123,321,2
107,187,2
58,236,2
200,354,2
72,313,2
211,179,2
52,250,2
72,200,2
274,288,2
295,260,2
205,59,2
53,278,2
887,457,2
837,496,2
706,434,2
696,95,2
768,395,2
882,434,2
838,316,2
886,262,2
868,256,2
873,223,2
888,250,2
851,288,2
873,241,2
882,18,2
890,266,2
715,333,2
750,470,2
863,259,2
769,328,2
871,233,2
784,342,2
763,305,2
809,259,2
873,231,2
900,25,2
750,141,2
809,339,2
671,128,2
873,251,2
890,258,2
666,131,2
694,71,2
882,244,2
873,252,2
878,248,2
681,424,2
848,249,2
676,91,2
858,118,2
671,135,2
889,112,2
709,270,2
881,228,2
195,164,2
69,244,2
67,239,2
62,401,2
229,264,2
152,324,2
62,252,2
270,441,2
74,251,2
138,249,2
108,292,2
156,419,2
107,164,2
53,17,2
52,250,2
323,262,2
152,238,2
51,17,2
197,267,2
313,278,2
246,61,2
118,212,2
274,97,2
52,250,2
77,238,2
62,223,2
79,203,2
187,113,2
77,250,2
82,283,2
126,207,2
123,13,2
52,250,2
229,233,2
138,238,2
162,396,2
162,200,2
59,7,2
283,398,2
98,223,2
320,269,2
315,192,2
87,226,2
868,222,2
773,341,2
887,235,2
873,483,2
886,240,2
887,252,2
878,395,2
861,387,2
709,74,2
789,250,2
881,254,2
802,238,2
715,241,2
724,225,2
887,244,2
824,405,2
882,233,2
725,205,2
889,235,2
647,138,2
719,282,2
725,279,2
709,77,2
642,212,2
889,241,2
694,82,2
824,277,2
858,487,2
799,297,2
873,252,2
807,15,2
788,190,2
858,292,2
889,223,2
882,241,2
804,230,2
686,97,2
882,231,2
876,240,2
673,370,2
887,249,2
652,306,2
887,241,2
642,208,2
853,99,2
725,169,2
679,112,2
67,478,2
131,85,2
216,154,2
62,298,2
64,275,2
251,143,2
53,256,2
87,94,2
107,234,2
92,10,2
207,208,2
254,118,2
315,226,2
225,432,2
288,318,2
112,308,2
87,97,2
283,107,2
141,280,2
288,337,2
128,244,2
293,318,2
246,102,2
220,264,2
180,265,2
269,126,2
269,370,2
280,359,2
161,377,2
288,184,2
58,243,2
72,249,2
67,260,2
265,369,2
107,230,2
285,352,2
54,262,2
280,144,2
64,249,2
77,164,2
52,250,2
53,282,2
59,256,2
62,243,2
52,250,2
116,434,2
50,253,2
45,255,2
94,293,2
53,269,2
310,251,2
200,455,2
166,482,2
52,250,2
318,270,2
112,280,2
185,365,2
229,354,2
64,274,2
215,441,2
288,332,2
177,158,2
367,135,2
107,113,2
103,226,2
87,270,2
215,431,2
50,482,2
67,256,2
64,275,2
52,250,2
59,236,2
82,162,2
246,171,2
58,265,2
102,328,2
239,94,2
67,251,2
72,362,2
92,334,2
62,246,2
112,190,2
118,76,2
136,355,2
809,176,2
858,222,2
890,236,2
802,189,2
645,192,2
647,302,2
881,231,2
832,266,2
765,204,2
882,82,2
635,244,2
863,14,2
866,12,2
691,79,2
799,135,2
706,76,2
784,143,2
784,282,2
882,269,2
696,84,2
670,123,2
691,405,2
714,419,2
881,226,2
858,254,2
719,416,2
647,182,2
838,146,2
765,153,2
725,329,2
778,74,2
779,20,2
691,87,2
881,231,2
866,169,2
751,455,2
868,266,2
745,451,2
89,280,2
118,270,2
128,306,2
102,310,2
290,157,2
52,250,2
180,318,2
182,260,2
66,278,2
73,233,2
138,295,2
138,275,2
298,250,2
62,248,2
62,249,2
107,203,2
53,226,2
62,256,2
52,250,2
249,148,2
239,321,2
102,401,2
46,496,2
40,140,2
52,250,2
254,409,2
61,265,2
63,266,2
300,259,2
112,251,2
236,92,2
64,238,2
241,421,2
290,210,2
67,483,2
293,252,2
102,432,2
58,197,2
269,387,2
67,23,2
62,283,2
52,250,2
642,274,2
877,263,2
655,181,2
877,268,2
837,231,2
874,268,2
889,226,2
632,284,2
888,250,2
881,205,2
853,261,2
789,122,2
881,218,2
882,192,2
773,406,2
868,230,2
882,259,2
882,254,2
645,213,2
637,292,2
858,298,2
851,257,2
887,22,2
768,145,2
888,250,2
655,308,2
881,210,2
694,109,2
875,262,2
789,231,2
890,226,2
843,179,2
743,451,2
660,354,2
882,269,2
789,252,2
866,225,2
661,154,2
878,249,2
666,362,2
888,250,2
632,457,2
735,127,2
671,298,2
878,251,2
889,259,2
888,250,2
882,231,2
652,163,2
878,187,2
889,266,2
887,246,2
887,259,2
686,261,2
681,410,2
652,158,2
863,182,2
611,131,2
886,248,2
709,133,2
878,250,2
652,131,2
863,200,2
635,272,2
652,146,2
670,374,2
858,297,2
886,231,2
887,231,2
908,18,2
755,30,2
789,259,2
888,250,2
882,257,2
657,141,2
910,488,2
696,133,2
774,25,2
676,248,2
882,261,2
878,225,2
878,257,2
729,113,2
794,199,2
881,257,2
714,68,2
661,372,2
878,238,2
670,380,2
882,257,2
171,473,2
51,248,2
59,230,2
283,121,2
46,230,2
241,148,2
136,20,2
197,459,2
25,478,2
54,250,2
62,244,2
298,303,2
54,272,2
41,17,2
167,296,2
45,485,2
308,260,2
293,319,2
215,359,2
72,264,2
274,144,2
94,393,2
58,236,2
62,267,2
52,250,2
92,283,2
220,377,2
58,236,2
156,313,2
264,99,2
62,259,2
254,421,2
220,110,2
74,267,2
50,244,2
116,305,2
58,238,2
51,18,2
283,140,2
62,248,2
220,202,2
254,411,2
112,13,2
283,90,2
77,283,2
64,298,2
72,277,2
290,326,2
62,424,2
82,260,2
175,33,2
52,250,2
53,239,2
288,146,2
72,259,2
58,283,2
50,228,2
58,9,2
166,38,2
59,210,2
51,264,2
211,66,2
52,250,2
54,482,2
74,223,2
52,250,2
62,56,2
69,283,2
69,182,2
77,213,2
72,213,2
53,13,2
53,243,2
67,260,2
102,250,2
82,264,2
54,182,2
74,280,2
215,470,2
116,195,2
41,13,2
51,500,2
180,17,2
92,249,2
406,260,2
863,251,2
904,491,2
863,244,2
853,241,2
858,485,2
878,205,2
851,213,2
871,223,2
856,354,2
873,262,2
876,249,2
878,240,2
890,86,2
851,249,2
647,328,2
863,218,2
661,118,2
873,315,2
888,250,2
853,20,2
866,367,2
661,125,2
620,220,2
876,228,2
888,250,2
652,146,2
729,442,2
888,250,2
890,226,2
760,199,2
871,275,2
873,259,2
873,241,2
729,51,2
876,230,2
882,236,2
878,223,2
650,341,2
863,254,2
881,248,2
882,264,2
819,356,2
843,488,2
67,239,2
62,238,2
79,92,2
67,248,2
54,246,2
64,259,2
41,22,2
54,277,2
72,141,2
200,252,2
50,486,2
202,54,2
102,148,2
51,482,2
66,25,2
146,18,2
58,234,2
107,59,2
195,56,2
62,274,2
52,250,2
64,260,2
82,311,2
51,495,2
265,125,2
107,185,2
58,243,2
62,13,2
234,423,2
54,267,2
53,277,2
161,290,2
67,252,2
69,267,2
116,452,2
126,200,2
50,488,2
64,270,2
886,58,2
819,421,2
889,82,2
691,406,2
637,282,2
725,235,2
887,230,2
863,256,2
650,293,2
827,266,2
890,475,2
745,195,2
876,482,2
873,475,2
873,240,2
760,316,2
750,324,2
882,230,2
863,244,2
819,287,2
822,117,2
706,50,2
868,257,2
878,485,2
745,452,2
660,164,2
877,484,2
720,241,2
878,228,2
696,81,2
873,444,2
745,48,2
873,252,2
729,349,2
871,251,2
827,89,2
887,261,2
696,89,2
873,274,2
730,64,2
647,231,2
58,215,2
279,107,2
293,346,2
82,108,2
126,208,2
59,285,2
79,231,2
54,246,2
54,238,2
77,234,2
53,270,2
288,346,2
114,26,2
269,395,2
54,288,2
210,143,2
197,43,2
175,197,2
53,233,2
126,190,2
166,23,2
72,234,2
305,305,2
54,319,2
126,230,2
52,250,2
69,210,2
52,250,2
67,105,2
303,303,2
67,272,2
50,488,2
53,228,2
77,198,2
102,250,2
138,249,2
103,251,2
290,169,2
52,250,2
77,99,2
52,250,2
256,262,2
79,13,2
62,269,2
97,251,2
819,20,2
858,202,2
652,154,2
691,61,2
851,377,2
887,264,2
691,190,2
851,202,2
888,250,2
886,84,2
873,228,2
671,112,2
868,133,2
676,95,2
750,382,2
888,250,2
637,282,2
878,228,2
881,277,2
876,269,2
881,135,2
843,246,2
872,265,2
882,236,2
740,40,2
650,138,2
679,102,2
635,326,2
890,10,2
763,241,2
694,419,2
888,250,2
748,300,2
848,295,2
753,236,2
640,331,2
632,200,2
889,231,2
635,187,2
863,251,2
679,107,2
887,397,2
894,490,2
887,182,2
842,231,2
696,437,2
602,231,2
814,259,2
846,455,2
886,241,2
868,20,2
745,105,2
740,341,2
882,118,2
881,491,2
670,127,2
882,483,2
889,269,2
848,222,2
765,257,2
881,267,2
882,267,2
733,53,2
637,282,2
715,297,2
887,274,2
866,251,2
740,254,2
881,218,2
745,401,2
415,250,2
842,223,2
878,269,2
878,480,2
882,14,2
684,122,2
812,140,2
799,217,2
617,344,2
699,89,2
882,215,2
602,251,2
846,318,2
878,369,2
681,401,2
769,22,2
642,329,2
878,210,2
807,418,2
873,12,2
888,250,2
642,306,2
50,10,2
50,272,2
151,182,2
52,250,2
50,225,2
89,480,2
52,250,2
92,483,2
94,298,2
102,177,2
249,100,2
182,295,2
92,280,2
50,267,2
298,277,2
87,246,2
67,252,2
77,256,2
382,126,2
54,249,2
97,251,2
59,231,2
211,441,2
58,225,2
166,207,2
293,352,2
190,283,2
62,15,2
58,270,2
333,251,2
288,331,2
275,396,2
148,274,2
53,13,2
51,17,2
838,295,2
878,485,2
758,117,2
878,244,2
694,76,2
868,226,2
888,250,2
689,84,2
873,246,2
753,241,2
768,95,2
873,269,2
725,161,2
620,267,2
887,241,2
838,225,2
765,25,2
817,200,2
888,250,2
878,236,2
882,171,2
868,251,2
652,158,2
873,250,2
740,138,2
768,270,2
895,475,2
858,349,2
642,320,2
868,262,2
769,254,2
888,250,2
725,43,2
878,241,2
596,210,2
878,259,2
848,259,2
868,241,2
873,231,2
868,249,2
876,266,2
758,133,2
882,482,2
873,252,2
67,230,2
200,339,2
265,113,2
264,391,2
72,244,2
123,347,2
249,421,2
64,243,2
205,400,2
298,192,2
234,71,2
318,267,2
279,117,2
226,405,2
280,125,2
113,311,2
98,12,2
72,262,2
103,226,2
52,250,2
315,234,2
239,450,2
225,357,2
75,256,2
190,269,2
274,352,2
244,81,2
236,82,2
126,314,2
82,251,2
52,250,2
62,254,2
52,250,2
118,248,2
77,140,2
298,151,2
274,128,2
141,265,2
62,248,2
141,177,2
265,121,2
62,252,2
72,250,2
838,316,2
750,251,2
838,189,2
666,133,2
887,244,2
882,231,2
697,247,2
689,91,2
773,109,2
899,272,2
833,411,2
833,292,2
665,145,2
851,244,2
735,436,2
889,275,2
851,300,2
894,269,2
889,226,2
866,246,2
719,429,2
814,207,2
871,303,2
679,117,2
735,149,2
666,141,2
647,249,2
868,244,2
342,92,2
887,228,2
888,250,2
699,84,2
882,223,2
863,200,2
720,303,2
842,252,2
715,241,2
878,189,2
750,338,2
822,233,2
873,297,2
888,250,2
696,100,2
888,250,2
709,295,2
888,250,2
888,250,2
882,262,2
882,225,2
719,439,2
146,248,2
107,254,2
53,223,2
112,250,2
94,288,2
50,275,2
82,290,2
220,95,2
58,406,2
67,254,2
300,254,2
274,355,2
41,230,2
58,231,2
52,250,2
202,280,2
172,195,2
270,380,2
236,364,2
52,250,2
87,156,2
254,393,2
313,249,2
77,332,2
293,250,2
143,194,2
226,166,2
53,282,2
52,250,2
67,251,2
126,244,2
62,274,2
98,251,2
324,250,2
45,269,2
126,278,2
52,250,2
46,373,2
67,234,2
215,220,2
69,405,2
79,321,2
123,251,2
128,202,2
67,254,2
295,300,2
185,383,2
58,17,2
52,250,2
52,250,2
62,225,2
58,140,2
234,444,2
156,260,2
50,244,2
52,250,2
161,251,2
77,491,2
50,500,2
52,250,2
215,455,2
280,359,2
67,274,2
102,249,2
141,230,2
82,151,2
288,166,2
207,249,2
62,251,2
67,248,2
123,185,2
141,233,2
254,246,2
209,50,2
128,233,2
249,76,2
53,490,2
64,486,2
67,244,2
794,290,2
730,238,2
868,392,2
881,76,2
890,487,2
774,105,2
881,344,2
887,228,2
882,220,2
881,12,2
827,236,2
745,156,2
729,446,2
828,164,2
625,321,2
868,218,2
877,217,2
720,451,2
804,388,2
812,205,2
878,192,2
789,383,2
890,485,2
866,226,2
878,233,2
886,256,2
632,195,2
725,266,2
640,295,2
888,250,2
838,251,2
887,12,2
882,17,2
853,395,2
828,79,2
715,235,2
887,483,2
856,264,2
,,2
878,269,2
714,176,2
745,135,2
887,241,2
799,353,2
843,338,2
868,138,2
711,354,2
652,182,2
882,228,2
876,133,2
882,483,2
833,275,2
769,40,2
720,352,2
878,482,2
666,333,2
843,241,2
735,190,2
881,256,2
873,478,2
890,241,2
769,321,2
888,250,2
696,411,2
715,365,2
794,230,2
876,249,2
711,79,2
696,94,2
888,250,2
676,128,2
645,184,2
730,447,2
814,241,2
886,246,2
661,364,2
890,259,2
745,329,2
838,25,2
657,156,2
288,184,2
200,292,2
195,454,2
195,452,2
225,314,2
59,254,2
167,246,2
62,252,2
249,103,2
107,233,2
229,215,2
52,250,2
121,426,2
166,311,2
185,40,2
97,198,2
246,418,2
254,269,2
338,67,2
82,22,2
113,259,2
161,369,2
249,84,2
53,256,2
274,131,2
52,250,2
59,259,2
200,444,2
97,144,2
53,256,2
72,97,2
64,260,2
67,250,2
220,95,2
50,382,2
102,292,2
172,383,2
288,184,2
64,246,2
52,250,2
82,28,2
87,107,2
264,378,2
67,272,2
205,66,2
202,256,2
52,250,2
190,45,2
64,225,2
53,25,2
74,418,2
52,250,2
92,296,2
108,306,2
123,328,2
138,311,2
288,319,2
172,207,2
215,388,2
52,250,2
290,264,2
239,87,2
97,260,2
244,256,2
166,254,2
54,244,2
52,250,2
58,491,2
116,210,2
182,190,2
215,287,2
77,251,2
231,260,2
72,184,2
234,431,2
244,100,2
226,249,2
87,258,2
51,411,2
177,423,2
760,460,2
711,280,2
889,130,2
843,236,2
863,194,2
709,310,2
881,218,2
769,109,2
794,223,2
701,352,2
819,270,2
895,18,2
735,95,2
866,364,2
848,10,2
824,220,2
822,107,2
729,146,2
814,182,2
774,282,2
838,352,2
895,444,2
750,470,2
715,439,2
888,250,2
691,326,2
873,256,2
828,310,2
861,59,2
652,342,2
858,236,2
866,252,2
882,256,2
809,153,2
809,282,2
745,339,2
769,344,2
886,346,2
740,146,2
895,123,2
686,344,2
724,344,2
889,153,2
738,310,2
740,374,2
871,270,2
899,390,2
880,258,2
861,231,2
863,240,2
714,68,2
804,406,2
873,280,2
873,230,2
838,264,2
724,329,2
715,374,2
888,250,2
681,395,2
873,262,2
861,240,2
848,259,2
719,259,2
882,274,2
822,410,2
861,235,2
873,272,2
905,15,2
740,383,2
642,168,2
876,222,2
874,258,2
873,226,2
650,163,2
887,240,2
84,241,2
51,285,2
82,226,2
77,265,2
89,177,2
275,377,2
67,220,2
249,398,2
70,247,2
69,230,2
313,241,2
303,246,2
69,225,2
259,382,2
288,185,2
69,223,2
52,250,2
70,255,2
244,423,2
67,437,2
259,401,2
67,274,2
52,250,2
298,239,2
45,17,2
175,303,2
84,354,2
239,84,2
180,187,2
275,344,2
215,288,2
231,89,2
67,269,2
64,203,2
259,203,2
87,485,2
32,9,2
77,267,2
308,292,2
52,250,2
52,250,2
54,243,2
77,17,2
62,264,2
45,488,2
313,306,2
67,301,2
72,265,2
300,269,2
52,250,2
46,490,2
45,498,2
53,236,2
102,388,2
45,491,2
190,382,2
152,278,2
74,27,2
79,274,2
67,13,2
308,292,2
229,442,2
234,439,2
64,388,2
69,282,2
226,164,2
67,241,2
69,321,2
87,208,2
53,218,2
216,149,2
274,113,2
285,311,2
51,182,2
53,249,2
182,264,2
642,320,2
871,275,2
686,71,2
753,186,2
846,86,2
887,488,2
824,298,2
878,269,2
833,197,2
650,127,2
701,421,2
720,240,2
868,130,2
908,487,2
882,372,2
895,478,2
895,9,2
745,248,2
838,210,2
828,375,2
887,231,2
890,485,2
888,250,2
637,223,2
755,478,2
637,244,2
881,267,2
642,168,2
827,10,2
612,246,2
863,189,2
890,270,2
890,231,2
881,269,2
877,232,2
875,228,2
882,233,2
696,305,2
856,231,2
890,51,2
848,351,2
878,259,2
887,238,2
657,136,2
856,388,2
827,17,2
261,398,2
151,187,2
58,290,2
54,13,2
136,166,2
54,308,2
77,218,2
285,172,2
107,313,2
180,92,2
72,236,2
195,298,2
141,288,2
234,195,2
166,185,2
121,176,2
58,293,2
82,270,2
58,270,2
77,265,2
58,236,2
53,270,2
265,121,2
67,288,2
62,288,2
41,13,2
67,262,2
58,266,2
82,403,2
79,215,2
52,250,2
50,457,2
72,228,2
54,277,2
82,249,2
180,149,2
52,250,2
54,20,2
46,277,2
769,416,2
868,220,2
851,256,2
657,172,2
671,393,2
878,20,2
873,213,2
774,235,2
720,213,2
887,254,2
851,244,2
642,184,2
661,329,2
784,269,2
882,270,2
866,300,2
797,444,2
887,10,2
887,171,2
715,215,2
828,250,2
843,267,2
792,288,2
735,53,2
794,306,2
858,272,2
778,288,2
873,316,2
868,235,2
842,313,2
887,254,2
878,92,2
858,171,2
765,131,2
858,251,2
895,264,2
704,145,2
814,23,2
694,205,2
709,269,2
789,4,2
809,451,2
72,202,2
200,251,2
231,429,2
211,293,2
126,288,2
231,423,2
234,90,2
72,278,2
87,298,2
72,218,2
58,272,2
54,243,2
244,408,2
67,118,2
112,270,2
79,316,2
53,267,2
45,25,2
190,459,2
67,295,2
190,251,2
180,387,2
121,146,2
300,250,2
58,243,2
50,226,2
67,265,2
67,295,2
295,207,2
298,259,2
320,249,2
249,400,2
52,250,2
53,243,2
113,355,2
121,215,2
54,184,2
103,216,2
882,264,2
881,436,2
735,97,2
881,230,2
888,250,2
730,241,2
828,398,2
789,280,2
809,202,2
886,14,2
774,467,2
873,50,2
809,89,2
832,277,2
866,284,2
652,352,2
876,244,2
714,213,2
890,250,2
887,215,2
842,287,2
765,460,2
681,250,2
650,238,2
882,267,2
655,186,2
873,261,2
645,207,2
748,457,2
868,248,2
640,218,2
881,220,2
887,390,2
873,364,2
887,235,2
889,395,2
838,339,2
725,326,2
681,323,2
876,231,2
637,213,2
881,76,2
873,241,2
882,259,2
730,145,2
878,244,2
870,247,2
670,365,2
686,95,2
779,342,2
745,244,2
873,252,2
774,91,2
719,156,2
878,244,2
773,89,2
647,252,2
715,344,2
871,261,2
871,235,2
910,478,2
888,250,2
868,372,2
655,320,2
886,195,2
696,218,2
640,246,2
647,215,2
856,226,2
671,377,2
842,223,2
846,257,2
882,241,2
894,56,2
62,221,2
259,117,2
264,390,2
244,89,2
50,265,2
59,256,2
62,154,2
116,249,2
279,354,2
97,251,2
50,480,2
285,176,2
229,198,2
236,413,2
234,189,2
225,76,2
143,133,2
205,110,2
190,349,2
251,92,2
84,308,2
67,254,2
251,107,2
231,81,2
58,259,2
220,56,2
64,259,2
75,242,2
53,264,2
67,95,2
177,48,2
58,166,2
46,25,2
151,252,2
97,250,2
303,189,2
77,25,2
69,251,2
244,283,2
280,387,2
226,164,2
67,400,2
72,262,2
200,143,2
300,159,2
112,254,2
151,254,2
269,259,2
241,274,2
79,249,2
187,41,2
56,249,2
72,264,2
295,156,2
67,225,2
62,241,2
87,278,2
62,236,2
58,248,2
116,365,2
288,351,2
126,87,2
69,365,2
67,283,2
67,100,2
53,280,2
103,239,2
113,277,2
69,239,2
41,488,2
112,249,2
234,441,2
64,288,2
58,260,2
63,240,2
249,324,2
53,190,2
54,249,2
146,69,2
58,391,2
166,398,2
229,156,2
47,242,2
69,230,2
126,398,2
69,225,2
146,213,2
261,280,2
74,133,2
264,149,2
58,237,2
45,10,2
112,233,2
743,377,2
704,275,2
861,102,2
660,235,2
809,195,2
843,233,2
876,487,2
675,413,2
895,110,2
745,127,2
882,235,2
814,12,2
711,195,2
873,226,2
863,256,2
809,230,2
887,490,2
878,256,2
814,82,2
637,279,2
873,238,2
878,213,2
868,228,2
887,485,2
866,248,2
900,480,2
886,478,2
637,182,2
632,324,2
873,236,2
863,230,2
848,235,2
794,241,2
885,250,2
635,146,2
630,251,2
878,275,2
748,118,2
881,254,2
684,84,2
888,250,2
882,395,2
794,248,2
890,241,2
861,244,2
886,261,2
666,236,2
878,259,2
671,406,2
704,326,2
889,262,2
807,256,2
729,46,2
715,43,2
647,385,2
887,95,2
876,274,2
889,349,2
827,18,2
632,295,2
666,100,2
632,222,2
740,416,2
873,240,2
632,176,2
832,241,2
866,235,2
882,262,2
617,228,2
888,250,2
750,336,2
699,177,2
819,94,2
691,313,2
799,367,2
642,248,2
630,328,2
871,194,2
197,120,2
41,71,2
141,161,2
195,470,2
87,207,2
180,478,2
58,251,2
298,336,2
298,313,2
62,236,2
54,250,2
261,92,2
72,230,2
72,246,2
138,120,2
342,380,2
136,351,2
328,221,2
77,27,2
113,385,2
54,256,2
87,17,2
54,241,2
308,166,2
67,92,2
113,226,2
53,249,2
40,244,2
51,406,2
58,259,2
41,243,2
77,277,2
171,351,2
64,246,2
221,321,2
197,321,2
249,308,2
58,251,2
87,411,2
52,250,2
298,120,2
58,478,2
50,246,2
264,103,2
853,215,2
730,55,2
711,451,2
886,250,2
858,238,2
730,354,2
861,279,2
882,231,2
827,257,2
878,256,2
,,2
886,251,2
882,259,2
661,398,2
900,406,2
882,244,2
666,408,2
616,259,2
758,146,2
889,279,2
886,250,2
769,375,2
666,123,2
819,91,2
819,20,2
848,284,2
842,261,2
788,406,2
769,401,2
887,218,2
895,5,2
888,250,2
822,149,2
873,277,2
765,194,2
660,398,2
765,400,2
763,40,2
58,244,2
51,238,2
58,248,2
197,337,2
50,491,2
36,112,2
175,22,2
51,9,2
59,262,2
72,241,2
175,319,2
239,38,2
87,249,2
192,337,2
53,252,2
64,231,2
41,403,2
102,236,2
313,185,2
53,17,2
67,220,2
283,360,2
59,260,2
241,241,2
50,228,2
53,248,2
58,250,2
74,236,2
244,223,2
74,246,2
36,4,2
40,94,2
67,254,2
283,347,2
315,148,2
58,252,2
62,236,2
837,244,2
878,228,2
804,73,2
842,379,2
750,306,2
706,324,2
886,264,2
745,341,2
828,465,2
868,487,2
878,482,2
838,235,2
853,351,2
843,248,2
846,218,2
878,233,2
657,360,2
888,250,2
814,477,2
750,235,2
878,233,2
873,23,2
868,244,2
635,222,2
878,230,2
888,250,2
758,130,2
848,172,2
824,347,2
642,339,2
878,71,2
733,342,2
765,140,2
890,457,2
699,53,2
50,269,2
180,383,2
62,234,2
175,421,2
269,378,2
58,231,2
62,264,2
205,252,2
62,120,2
59,265,2
185,46,2
58,244,2
259,85,2
175,130,2
162,138,2
211,324,2
146,144,2
308,241,2
172,22,2
50,251,2
190,357,2
69,270,2
58,260,2
46,236,2
261,118,2
69,405,2
69,252,2
303,198,2
172,383,2
259,380,2
303,177,2
157,28,2
220,216,2
259,89,2
300,305,2
54,233,2
121,102,2
51,18,2
35,329,2
52,250,2
112,238,2
661,326,2
838,246,2
725,176,2
858,480,2
882,238,2
882,244,2
856,51,2
720,270,2
863,406,2
887,262,2
627,272,2
730,168,2
738,179,2
681,115,2
833,483,2
804,205,2
725,166,2
627,109,2
706,182,2
637,223,2
873,318,2
832,252,2
878,230,2
881,226,2
882,244,2
720,66,2
704,189,2
711,158,2
715,118,2
627,231,2
647,192,2
848,22,2
851,342,2
882,236,2
887,233,2
765,117,2
868,473,2
763,244,2
878,226,2
141,301,2
62,23,2
113,270,2
94,259,2
75,277,2
64,172,2
194,30,2
54,272,2
141,290,2
148,337,2
211,319,2
195,251,2
187,388,2
295,230,2
241,231,2
53,250,2
162,259,2
59,251,2
92,477,2
151,411,2
205,203,2
50,244,2
274,475,2
64,27,2
54,265,2
59,427,2
52,251,2
54,259,2
254,351,2
225,195,2
46,256,2
46,251,2
58,269,2
128,212,2
166,215,2
82,419,2
161,269,2
131,260,2
50,260,2
288,346,2
205,189,2
62,277,2
249,89,2
275,149,2
270,130,2
58,265,2
59,262,2
77,413,2
274,370,2
54,256,2
52,250,2
98,25,2
285,179,2
809,388,2
887,261,2
873,233,2
889,365,2
863,267,2
763,176,2
792,241,2
753,161,2
873,228,2
725,64,2
753,331,2
888,250,2
774,248,2
873,256,2
797,169,2
750,333,2
794,169,2
882,483,2
743,246,2
842,176,2
622,217,2
873,406,2
719,58,2
890,342,2
876,238,2
794,246,2
888,250,2
843,302,2
882,244,2
887,238,2
889,487,2
819,380,2
878,254,2
714,285,2
881,250,2
885,237,2
876,14,2
886,235,2
819,128,2
828,248,2
882,230,2
881,256,2
878,333,2
696,89,2
769,177,2
881,240,2
882,228,2
873,12,2
873,241,2
828,202,2
192,290,2
143,319,2
77,220,2
261,305,2
59,264,2
136,382,2
239,419,2
190,164,2
166,370,2
54,277,2
50,18,2
52,250,2
254,108,2
171,318,2
207,444,2
152,113,2
171,270,2
161,262,2
69,236,2
59,250,2
53,265,2
220,450,2
62,274,2
58,239,2
82,251,2
62,259,2
62,373,2
62,274,2
58,234,2
67,314,2
82,298,2
53,260,2
62,252,2
131,259,2
51,243,2
64,491,2
195,354,2
246,87,2
102,97,2
67,161,2
45,5,2
195,369,2
46,483,2
53,234,2
65,266,2
58,326,2
72,395,2
229,254,2
67,244,2
52,250,2
62,226,2
102,256,2
89,262,2
102,274,2
190,148,2
152,391,2
72,283,2
118,256,2
67,303,2
50,233,2
46,22,2
52,250,2
45,17,2
79,375,2
300,334,2
72,251,2
288,326,2
131,414,2
40,13,2
310,252,2
53,277,2
259,262,2
72,221,2
52,250,2
288,346,2
107,483,2
97,488,2
69,25,2
62,95,2
298,274,2
207,382,2
62,287,2
197,38,2
895,9,2
890,249,2
851,388,2
887,480,2
873,120,2
666,405,2
888,250,2
843,395,2
838,393,2
804,246,2
640,305,2
843,91,2
711,346,2
856,248,2
871,212,2
882,272,2
686,154,2
720,48,2
887,2,2
846,212,2
838,254,2
858,94,2
895,10,2
640,293,2
671,82,2
890,12,2
853,270,2
900,472,2
881,240,2
858,220,2
838,354,2
833,192,2
853,232,2
313,298,2
152,403,2
225,61,2
64,405,2
82,233,2
54,280,2
59,269,2
64,112,2
269,282,2
156,92,2
64,275,2
72,277,2
53,18,2
279,373,2
87,256,2
72,278,2
54,243,2
58,223,2
279,355,2
53,215,2
46,252,2
246,427,2
87,99,2
121,198,2
72,269,2
69,265,2
177,326,2
69,110,2
300,331,2
82,254,2
185,270,2
89,278,2
87,419,2
225,462,2
67,283,2
92,377,2
51,15,2
274,92,2
837,174,2
809,318,2
882,74,2
750,315,2
714,205,2
890,245,2
890,240,2
887,9,2
760,303,2
878,156,2
868,270,2
848,109,2
873,236,2
730,454,2
873,210,2
725,231,2
696,230,2
691,79,2
873,187,2
873,308,2
873,285,2
544,252,2
876,267,2
895,9,2
878,272,2
890,247,2
863,176,2
851,208,2
701,416,2
882,488,2
886,233,2
858,238,2
696,194,2
666,89,2
871,280,2
853,262,2
647,321,2
856,223,2
843,233,2
866,269,2
890,266,2
888,250,2
573,105,2
745,154,2
871,293,2
886,23,2
819,387,2
784,390,2
882,248,2
890,426,2
886,240,2
886,246,2
627,315,2
691,410,2
725,66,2
828,241,2
696,250,2
740,156,2
735,174,2
851,218,2
858,202,2
666,135,2
875,245,2
843,254,2
848,215,2
887,220,2
878,483,2
858,190,2
848,423,2
881,250,2
632,280,2
827,401,2
789,300,2
706,439,2
824,321,2
679,117,2
755,261,2
701,416,2
876,248,2
735,318,2
804,482,2
686,97,2
701,428,2
819,274,2
211,225,2
79,486,2
225,67,2
51,254,2
141,115,2
59,10,2
53,259,2
190,265,2
97,256,2
74,493,2
279,380,2
152,298,2
308,293,2
94,220,2
190,274,2
211,198,2
234,61,2
94,172,2
185,305,2
102,187,2
298,306,2
87,90,2
58,241,2
97,210,2
256,405,2
167,344,2
62,254,2
58,233,2
62,260,2
234,423,2
92,475,2
89,9,2
58,250,2
288,179,2
51,259,2
185,190,2
54,480,2
82,283,2
126,89,2
102,43,2
69,314,2
161,30,2
58,239,2
148,243,2
65,250,2
56,255,2
51,246,2
308,311,2
298,313,2
52,250,2
75,273,2
138,82,2
52,250,2
290,121,2
51,267,2
180,331,2
51,260,2
67,221,2
64,287,2
53,35,2
74,427,2
274,82,2
112,13,2
38,23,2
53,241,2
288,135,2
45,282,2
53,493,2
298,365,2
303,138,2
67,238,2
67,262,2
171,468,2
82,267,2
50,17,2
210,190,2
205,176,2
72,326,2
50,71,2
116,105,2
138,267,2
59,483,2
74,95,2
180,260,2
121,138,2
236,61,2
694,254,2
876,264,2
908,15,2
650,341,2
715,241,2
804,94,2
783,231,2
886,20,2
878,92,2
905,480,2
881,246,2
881,383,2
843,248,2
745,326,2
876,374,2
866,264,2
873,305,2
858,81,2
886,218,2
843,174,2
878,220,2
899,482,2
904,15,2
882,235,2
878,251,2
878,204,2
814,236,2
711,406,2
887,235,2
873,215,2
694,73,2
743,125,2
660,154,2
882,223,2
910,483,2
652,164,2
838,220,2
832,405,2
691,61,2
882,259,2
878,250,2
882,478,2
97,102,2
40,269,2
53,373,2
97,89,2
54,231,2
280,362,2
67,272,2
53,270,2
40,7,2
53,15,2
279,391,2
62,13,2
112,319,2
40,27,2
295,270,2
64,278,2
97,251,2
180,141,2
89,280,2
121,143,2
143,409,2
180,282,2
116,418,2
220,293,2
69,308,2
211,449,2
51,272,2
58,239,2
112,262,2
205,248,2
46,13,2
108,121,2
167,31,2
82,252,2
53,485,2
221,177,2
77,298,2
118,292,2
103,292,2
121,221,2
187,190,2
82,269,2
308,444,2
735,360,2
838,403,2
858,280,2
873,202,2
882,217,2
886,210,2
748,455,2
858,238,2
881,210,2
861,107,2
635,295,2
853,208,2
797,248,2
681,82,2
873,266,2
863,208,2
882,9,2
882,240,2
882,267,2
650,349,2
876,236,2
863,240,2
887,244,2
814,235,2
848,246,2
882,236,2
882,270,2
887,215,2
873,275,2
886,487,2
878,218,2
833,311,2
730,467,2
890,480,2
856,222,2
903,485,2
889,262,2
890,270,2
878,215,2
769,367,2
873,248,2
632,186,2
876,228,2
871,207,2
873,200,2
819,244,2
887,74,2
730,272,2
882,223,2
882,244,2
848,428,2
890,475,2
881,235,2
788,305,2
753,321,2
895,478,2
768,192,2
750,279,2
865,253,2
887,233,2
842,487,2
887,233,2
838,351,2
881,236,2
760,122,2
878,236,2
824,69,2
753,334,2
882,128,2
660,166,2
725,192,2
873,496,2
730,436,2
661,336,2
745,455,2
868,9,2
719,429,2
878,236,2
898,360,2
888,250,2
760,460,2
789,102,2
882,18,2
735,303,2
890,446,2
878,241,2
889,257,2
647,284,2
876,231,2
180,331,2
197,355,2
77,172,2
187,169,2
58,265,2
50,495,2
62,264,2
92,398,2
64,265,2
220,203,2
87,13,2
293,269,2
59,264,2
161,213,2
162,290,2
265,118,2
116,352,2
62,259,2
54,259,2
66,275,2
77,354,2
215,355,2
69,265,2
58,282,2
58,226,2
62,20,2
54,246,2
50,13,2
207,171,2
185,344,2
67,259,2
182,362,2
62,264,2
59,259,2
50,496,2
195,447,2
221,77,2
175,321,2
89,198,2
303,203,2
62,495,2
59,241,2
779,194,2
878,274,2
882,480,2
868,302,2
676,360,2
858,15,2
675,125,2
842,81,2
833,226,2
760,205,2
878,233,2
851,398,2
848,194,2
833,323,2
848,231,2
691,272,2
817,248,2
878,257,2
769,190,2
884,475,2
873,480,2
873,252,2
881,225,2
627,398,2
895,251,2
686,151,2
878,250,2
863,250,2
665,341,2
887,473,2
740,437,2
880,234,2
858,287,2
848,236,2
861,383,2
858,223,2
748,292,2
704,323,2
868,356,2
768,95,2
882,344,2
889,230,2
889,261,2
675,356,2
67,27,2
58,254,2
64,432,2
131,180,2
288,162,2
187,378,2
77,250,2
205,121,2
64,28,2
234,172,2
210,202,2
72,190,2
52,250,2
97,346,2
45,391,2
51,236,2
244,369,2
45,249,2
202,179,2
58,241,2
97,477,2
84,205,2
279,332,2
290,189,2
59,483,2
236,250,2
102,179,2
67,15,2
62,84,2
116,254,2
141,355,2
53,277,2
50,486,2
53,262,2
98,167,2
62,483,2
151,244,2
107,262,2
171,84,2
54,228,2
50,290,2
74,166,2
89,249,2
121,395,2
41,45,2
46,15,2
72,269,2
72,262,2
52,250,2
67,205,2
51,23,2
50,280,2
67,259,2
59,269,2
53,245,2
280,342,2
72,82,2
58,269,2
52,250,2
116,121,2
185,385,2
72,287,2
116,292,2
58,241,2
62,278,2
58,269,2
264,250,2
62,205,2
53,12,2
27,256,2
264,406,2
303,342,2
87,254,2
94,218,2
221,69,2
52,250,2
136,99,2
195,364,2
244,118,2
107,102,2
62,270,2
126,131,2
873,235,2
714,217,2
851,400,2
851,189,2
876,251,2
887,235,2
686,303,2
882,254,2
689,84,2
760,181,2
853,262,2
691,233,2
882,202,2
890,18,2
632,215,2
768,195,2
838,10,2
774,212,2
878,487,2
848,208,2
888,250,2
696,68,2
686,272,2
853,104,2
824,231,2
779,182,2
715,269,2
858,393,2
632,316,2
868,190,2
866,217,2
889,63,2
851,297,2
890,488,2
890,244,2
873,241,2
856,256,2
886,264,2
67,81,2
283,377,2
69,391,2
69,272,2
87,87,2
310,259,2
249,426,2
89,277,2
131,87,2
200,225,2
67,135,2
308,300,2
131,89,2
229,444,2
217,390,2
50,15,2
185,41,2
53,234,2
53,249,2
62,92,2
59,408,2
67,249,2
61,233,2
45,263,2
264,411,2
298,329,2
62,213,2
156,249,2
229,166,2
215,58,2
172,22,2
264,102,2
102,409,2
234,123,2
303,251,2
51,23,2
161,265,2
54,488,2
133,126,2
82,66,2
760,104,2
829,324,2
725,145,2
878,213,2
882,392,2
868,240,2
878,452,2
657,357,2
691,411,2
890,240,2
661,84,2
714,51,2
848,241,2
887,104,2
730,43,2
814,84,2
895,2,2
848,311,2
886,250,2
843,238,2
814,256,2
895,23,2
888,250,2
686,416,2
873,419,2
889,487,2
645,199,2
878,241,2
832,12,2
645,220,2
873,213,2
888,250,2
878,84,2
711,429,2
778,107,2
861,217,2
876,233,2
848,280,2
711,164,2
789,426,2
894,5,2
637,225,2
632,302,2
310,236,2
182,30,2
107,82,2
234,434,2
58,441,2
215,49,2
89,213,2
67,290,2
102,277,2
50,261,2
167,118,2
35,20,2
67,20,2
52,250,2
54,495,2
171,269,2
72,303,2
60,253,2
200,45,2
180,110,2
82,264,2
313,282,2
74,316,2
116,243,2
64,259,2
40,25,2
45,380,2
89,256,2
62,293,2
67,228,2
102,387,2
229,58,2
229,264,2
215,51,2
79,198,2
270,113,2
103,103,2
67,292,2
54,256,2
171,107,2
52,250,2
82,148,2
40,495,2
67,259,2
215,48,2
146,233,2
873,74,2
873,17,2
797,251,2
733,40,2
733,113,2
846,231,2
887,247,2
887,237,2
876,275,2
733,455,2
908,18,2
886,334,2
814,226,2
889,234,2
763,107,2
888,250,2
832,390,2
671,59,2
833,230,2
873,212,2
696,71,2
889,15,2
900,473,2
866,308,2
814,200,2
863,367,2
655,131,2
768,105,2
689,400,2
788,347,2
647,379,2
886,89,2
873,226,2
817,199,2
730,35,2
881,97,2
116,251,2
172,393,2
107,102,2
62,236,2
53,256,2
146,400,2
279,337,2
269,123,2
84,398,2
59,250,2
84,256,2
288,339,2
62,241,2
244,225,2
121,270,2
246,406,2
103,416,2
72,230,2
216,135,2
62,270,2
185,120,2
62,269,2
249,426,2
67,252,2
274,354,2
67,241,2
52,250,2
74,313,2
298,270,2
58,270,2
53,490,2
264,387,2
59,259,2
67,295,2
215,332,2
77,202,2
58,267,2
108,100,2
52,250,2
54,218,2
53,490,2
53,490,2
52,250,2
89,250,2
652,298,2
888,250,2
888,250,2
837,390,2
878,379,2
657,326,2
882,482,2
888,250,2
832,102,2
769,383,2
725,236,2
730,226,2
890,89,2
706,279,2
887,257,2
873,240,2
861,279,2
876,241,2
738,187,2
657,331,2
725,244,2
868,122,2
882,226,2
895,475,2
873,257,2
882,264,2
889,475,2
888,250,2
882,473,2
876,241,2
873,285,2
725,241,2
866,250,2
873,236,2
873,223,2
868,236,2
878,262,2
882,222,2
828,225,2
647,306,2
888,250,2
735,346,2
755,82,2
701,423,2
858,387,2
848,279,2
715,68,2
871,490,2
866,240,2
868,48,2
863,259,2
696,241,2
725,64,2
882,14,2
881,365,2
837,302,2
635,250,2
861,220,2
878,483,2
856,238,2
868,496,2
848,240,2
882,225,2
868,215,2
876,447,2
873,272,2
873,385,2
878,305,2
881,250,2
878,213,2
887,225,2
887,354,2
887,12,2
686,252,2
802,248,2
657,356,2
873,352,2
671,380,2
783,235,2
308,236,2
205,151,2
74,243,2
239,292,2
72,244,2
293,275,2
236,79,2
215,354,2
53,20,2
59,278,2
94,365,2
157,141,2
207,278,2
161,100,2
166,382,2
156,141,2
225,436,2
77,246,2
239,230,2
67,287,2
41,267,2
58,280,2
64,482,2
79,248,2
84,421,2
175,468,2
84,241,2
123,187,2
175,118,2
264,408,2
107,244,2
239,259,2
97,308,2
77,250,2
225,69,2
205,46,2
244,416,2
79,496,2
645,176,2
733,181,2
819,259,2
890,252,2
882,251,2
866,48,2
843,393,2
696,441,2
750,451,2
738,462,2
887,246,2
833,370,2
671,127,2
882,249,2
789,181,2
843,222,2
743,195,2
878,406,2
827,169,2
704,76,2
886,248,2
642,141,2
832,241,2
652,125,2
895,249,2
843,393,2
882,256,2
873,226,2
881,250,2
807,249,2
899,490,2
657,127,2
733,50,2
740,387,2
725,452,2
714,455,2
887,249,2
888,250,2
661,107,2
868,20,2
868,120,2
858,410,2
686,426,2
53,252,2
138,250,2
97,148,2
92,15,2
77,288,2
308,278,2
58,243,2
97,123,2
59,197,2
54,171,2
315,265,2
58,249,2
182,125,2
77,12,2
92,483,2
79,15,2
175,377,2
62,259,2
58,251,2
46,483,2
308,174,2
59,248,2
77,359,2
126,171,2
41,251,2
157,480,2
216,462,2
103,248,2
136,216,2
79,482,2
50,252,2
54,79,2
62,15,2
98,146,2
285,365,2
58,251,2
59,403,2
67,311,2
54,424,2
54,250,2
156,246,2
236,61,2
62,311,2
151,416,2
53,49,2
53,205,2
62,491,2
87,105,2
62,264,2
53,421,2
283,159,2
288,349,2
64,355,2
280,131,2
50,251,2
244,218,2
58,218,2
64,225,2
94,355,2
146,380,2
72,108,2
52,250,2
92,238,2
190,342,2
87,385,2
53,213,2
50,272,2
77,282,2
77,301,2
279,364,2
107,260,2
87,296,2
288,352,2
175,254,2
293,213,2
166,244,2
234,184,2
77,282,2
84,251,2
67,208,2
151,71,2
82,301,2
121,205,2
216,56,2
62,226,2
146,251,2
69,260,2
97,252,2
503,470,2
842,374,2
642,305,2
889,266,2
878,259,2
888,250,2
637,228,2
676,97,2
720,146,2
625,215,2
657,125,2
814,254,2
838,236,2
788,300,2
848,246,2
881,195,2
724,140,2
745,298,2
887,324,2
792,87,2
832,328,2
696,421,2
691,128,2
889,267,2
824,351,2
675,97,2
895,230,2
794,300,2
632,338,2
861,220,2
819,233,2
853,244,2
637,231,2
779,104,2
637,318,2
765,109,2
882,269,2
881,264,2
887,50,2
882,251,2
878,270,2
848,280,2
853,284,2
773,313,2
851,280,2
807,115,2
701,306,2
881,27,2
848,280,2
890,277,2
843,233,2
837,375,2
838,272,2
887,272,2
846,238,2
675,136,2
763,38,2
706,182,2
918,18,2
882,94,2
758,40,2
853,277,2
828,18,2
905,493,2
717,69,2
733,56,2
882,251,2
824,28,2
691,354,2
889,267,2
887,272,2
861,140,2
853,244,2
774,33,2
671,145,2
804,370,2
625,204,2
730,444,2
882,272,2
888,250,2
918,488,2
887,365,2
779,403,2
87,225,2
45,241,2
195,421,2
67,341,2
41,77,2
180,43,2
92,282,2
233,436,2
175,462,2
97,264,2
225,69,2
305,331,2
45,239,2
53,272,2
53,262,2
53,233,2
27,12,2
15,477,2
225,275,2
51,267,2
74,264,2
52,250,2
20,12,2
211,56,2
54,262,2
20,478,2
290,341,2
215,59,2
211,59,2
171,463,2
5,133,2
20,485,2
167,22,2
53,259,2
899,241,2
882,17,2
863,359,2
819,408,2
878,233,2
900,246,2
866,133,2
779,30,2
802,25,2
827,496,2
843,182,2
851,115,2
657,390,2
866,388,2
886,254,2
807,251,2
887,267,2
894,259,2
904,264,2
711,333,2
882,262,2
895,251,2
773,128,2
887,254,2
837,302,2
640,300,2
894,487,2
720,256,2
876,267,2
743,333,2
635,117,2
894,250,2
583,228,2
894,262,2
874,249,2
882,252,2
642,223,2
846,231,2
724,73,2
671,89,2
758,45,2
873,266,2
890,262,2
799,99,2
53,480,2
45,239,2
62,473,2
62,269,2
285,334,2
103,288,2
58,28,2
92,244,2
285,323,2
180,48,2
67,262,2
50,251,2
84,314,2
46,239,2
59,35,2
220,48,2
103,213,2
121,128,2
50,241,2
107,249,2
59,197,2
295,287,2
45,246,2
69,74,2
270,359,2
261,239,2
51,243,2
161,90,2
107,275,2
269,360,2
64,10,2
50,236,2
62,248,2
87,59,2
298,221,2
62,249,2
65,261,2
51,261,2
88,256,2
171,28,2
51,249,2
52,250,2
